{
    "accuracy": 0.7077,
    "precision": 0.7087750494069044,
    "recall": 0.7077,
    "f1_score": 0.7035326636221785
}