{
    "accuracy": 0.6715,
    "precision": 0.6853993952701732,
    "recall": 0.6715,
    "f1_score": 0.6743400463580639
}